Algorithm,Group Size,Message Size,Encryption Time (ms),Decryption Time (ms),CPU Usage (%),Memory Usage (%),Message Overhead (bytes),Total Time (ms)
AES-GCM,5,128,0.096166041,0.43658202,47.25,0.049214363,128,4.148332984
AES-GCM,5,128,0.097540091,0.433415931,48.5,0.049214363,128,3.986666969
AES-GCM,5,128,0.228292076,0.43245795,48.8,0.009619713,128,3.894791997
AES-GCM,5,128,0.395500043,0.950542046,49.7,0.006629944,128,6.472082983
AES-GCM,5,128,0.39183395,0.915916986,49.85,0.00605011,128,6.774500012
AES-GCM,5,128,0.315125042,0.625999994,50,0.00604248,128,4.673374991
AES-GCM,5,128,0.440584088,0.929998932,48.35,0.006034851,128,7.734625018
AES-GCM,5,128,0.365082931,0.630417082,49.85,0.006027222,128,5.523542
AES-GCM,5,128,0.334292999,0.593249977,48.8,0.006011963,128,5.224333028
AES-GCM,5,128,0.358999998,0.774833024,49.6,0.006004333,128,6.113375013
AES-GCM,5,128,0.379625009,0.818873988,49.5,0.005996704,128,6.209624989
AES-GCM,5,1024,0.582375971,0.823084032,49.7,0.008552551,128,6.869749981
AES-GCM,5,1024,0.355541066,0.64033299,49.3,0.008544922,128,4.38191701
AES-GCM,5,1024,0.461709977,0.852375058,49.75,0.008537292,128,6.524208002
AES-GCM,5,1024,0.666918,1.112373895,49.95,0.008529663,128,8.168041008
AES-GCM,5,1024,0.743417942,1.171250071,49.3,0.008522034,128,8.925832983
AES-GCM,5,1024,0.468917016,0.789707934,49.6,0.008506775,128,6.515208981
AES-GCM,5,1024,0.554541999,0.825917989,49.6,0.008499146,128,6.948709022
AES-GCM,5,1024,0.60329301,0.920374994,49.7,0.008491516,128,7.416957989
AES-GCM,5,1024,0.477541005,0.757916947,49.6,0.008483887,128,6.013000035
AES-GCM,5,1024,0.424498983,0.695834053,49.25,0.008476257,128,5.869874964
AES-GCM,5,10240,0.852291996,1.03420805,49.85,0.04296875,128,13.83649994
AES-GCM,5,10240,1.183832937,1.401207992,49.85,0.042961121,128,14.12349998
AES-GCM,5,10240,1.17362407,1.415458973,49.8,0.042953491,128,14.00550001
AES-GCM,5,10240,1.275333983,1.373375067,49.9,0.042938232,128,13.66229198
AES-GCM,5,10240,1.166124013,1.362792973,49.85,0.042938232,128,14.08216695
AES-GCM,5,10240,1.429376018,1.550582994,49.85,0.042938232,128,12.88383297
AES-GCM,5,10240,1.189666044,1.410041004,49.8,0.042938232,128,13.78029201
AES-GCM,5,10240,1.315665955,1.482500986,49.75,0.042938232,128,15.80616599
AES-GCM,5,10240,0.947751047,1.151541015,49.2,0.042938232,128,14.07787501
AES-GCM,5,10240,1.038749004,1.203833963,49.85,0.042938232,128,14.599833
AES-GCM,50,128,1.793125062,4.331662029,49.9,0.017476082,1568,31.896959
AES-GCM,50,128,1.785291126,4.040705797,49.9,0.012829781,1568,30.224916
AES-GCM,50,128,1.724003756,3.984121897,49.8,0.012829781,1568,29.14524998
AES-GCM,50,128,1.665045915,3.828291839,49.8,0.012829781,1568,28.91841601
AES-GCM,50,128,1.910042483,4.424627987,49.8,0.012829781,1568,31.95099998
AES-GCM,50,128,1.900165866,4.282750946,49.95,0.012829781,1568,31.743542
AES-GCM,50,128,2.037419006,4.508331884,49.9,0.012829781,1568,32.94983302
AES-GCM,50,128,1.840872224,4.32624633,49.7,0.012829781,1568,31.80104098
AES-GCM,50,128,1.874080102,4.218458082,49.9,0.012829781,1568,31.07416705
AES-GCM,50,128,1.752245997,4.12475114,49.9,0.012829781,1568,30.36629199
AES-GCM,50,1024,2.791916893,4.846792086,49.65,0.015393257,1568,30.332583
AES-GCM,50,1024,3.119583882,5.879209202,49.2,0.015393257,1568,33.987417
AES-GCM,50,1024,3.151290759,5.723295151,49.85,0.015393257,1568,34.72275002
AES-GCM,50,1024,3.128121723,5.525083398,49.85,0.015393257,1568,33.756333
AES-GCM,50,1024,3.769542207,5.567498214,47.5,0.015393257,1568,40.34987499
AES-GCM,50,1024,3.969544254,6.786294049,49.85,0.015393257,1568,41.76045797
AES-GCM,50,1024,3.738081956,6.621582084,49.85,0.015393257,1568,40.30187498
AES-GCM,50,1024,3.843877872,6.199916068,49.75,0.015393257,1568,38.03004202
AES-GCM,50,1024,3.857085016,6.560707116,49.75,0.015393257,1568,40.52724998
AES-GCM,50,1024,4.238873138,8.049585158,48.55,0.015393257,1568,46.10470898
AES-GCM,50,10240,13.53446225,15.59675008,48.55,0.049893379,1568,61.27554202
AES-GCM,50,10240,13.11341696,15.6428339,49.9,0.049893379,1568,64.01058397
AES-GCM,50,10240,13.032249,17.06757583,48.8,0.049893379,1568,64.74045903
AES-GCM,50,10240,11.79316727,13.92816694,49.6,0.049893379,1568,54.99924999
AES-GCM,50,10240,10.38354187,12.413043,49.5,0.049893379,1568,51.49912502
AES-GCM,50,10240,12.73470797,15.0539123,49.75,0.049893379,1568,65.20349998
AES-GCM,50,10240,12.96674897,15.50129522,49.9,0.049893379,1568,64.07420803
AES-GCM,50,10240,13.42729054,15.57604322,49.65,0.049893379,1568,67.133084
AES-GCM,50,10240,9.113790875,10.76954184,49.55,0.049893379,1568,44.54966699
AES-GCM,50,10240,9.457791049,11.09062403,49.75,0.049893379,1568,48.217125
AES-GCM,100,128,2.933458949,6.914079888,49.4,0.025671959,3168,49.40533399
AES-GCM,100,128,2.869368938,6.692041003,46.95,0.020656586,3168,50.44391705
AES-GCM,100,128,3.6341261,8.312660153,49.5,0.020656586,3168,58.76849999
AES-GCM,100,128,3.235166078,7.634617214,49.45,0.020656586,3168,54.31583303
AES-GCM,100,128,3.529534093,8.413458068,49.85,0.020656586,3168,60.07920799
AES-GCM,100,128,4.018379026,9.292297182,49.85,0.020656586,3168,65.65374997
AES-GCM,100,128,3.877097392,9.212293895,49.85,0.020656586,3168,65.59783401
AES-GCM,100,128,4.033414065,9.14662733,49.65,0.020656586,3168,65.53920801
AES-GCM,100,128,3.766039095,8.662048029,49.8,0.020656586,3168,62.11962504
AES-GCM,100,128,3.578662931,8.430204703,49.8,0.020656586,3168,60.34408399
AES-GCM,100,1024,6.619964202,11.70254516,49.9,0.023220062,3168,70.96429204
AES-GCM,100,1024,6.013005681,10.40750463,49.9,0.023220062,3168,63.36237502
AES-GCM,100,1024,6.081252825,10.73096012,49.85,0.023220062,3168,65.38262498
AES-GCM,100,1024,6.752084533,11.78808342,49.9,0.023220062,3168,71.28566597
AES-GCM,100,1024,6.001619331,11.02117077,49.5,0.023220062,3168,64.37345903
AES-GCM,100,1024,6.558875088,11.6511638,49.9,0.023220062,3168,69.344958
AES-GCM,100,1024,6.200332486,10.65966429,49.65,0.023220062,3168,66.47429103
AES-GCM,100,1024,6.005087402,10.07741509,49.55,0.023220062,3168,61.68845796
AES-GCM,100,1024,6.026287854,10.56253695,49.8,0.023220062,3168,63.55487497
AES-GCM,100,1024,6.217710266,11.02366799,49.4,0.023220062,3168,66.42145896
AES-GCM,100,10240,19.75795429,22.9247536,49.9,0.057394981,3168,92.45720797
AES-GCM,100,10240,20.22425213,23.4246258,49.95,0.057394981,3168,94.58879195
AES-GCM,100,10240,19.54329567,23.23320863,49.5,0.057394981,3168,93.05979201
AES-GCM,100,10240,18.58062448,22.31688023,47.5,0.057394981,3168,90.415666
AES-GCM,100,10240,19.96433089,23.38766929,49.95,0.057394981,3168,91.71066701
AES-GCM,100,10240,19.18041537,22.59562985,49.85,0.057394981,3168,88.66937499
AES-GCM,100,10240,19.12423957,22.90249465,49.95,0.057394981,3168,89.26924999
AES-GCM,100,10240,19.51462199,22.4948742,48.45,0.057394981,3168,86.90658299
AES-GCM,100,10240,21.04570105,25.21125495,49.9,0.057394981,3168,92.40495804
AES-GCM,100,10240,18.46704033,21.64299774,49.85,0.057394981,3168,87.18679199
AES-GCM,1000,128,15.01860231,36.76959849,49.95,0.25644207,31968,270.845583
AES-GCM,1000,128,14.83475859,35.75710877,49.6,0.16298008,31968,256.59075
AES-GCM,1000,128,14.63810029,35.22399114,49.85,0.16298008,31968,253.199791
AES-GCM,1000,128,14.93984112,35.67754012,49.95,0.16298008,31968,257.8775
AES-GCM,1000,128,14.68791877,35.10213032,49.95,0.16298008,31968,254.495791
AES-GCM,1000,128,14.57198645,35.0471799,49.95,0.16298008,31968,253.156959
AES-GCM,1000,128,14.49238899,35.07925675,49.95,0.16298008,31968,252.351542
AES-GCM,1000,128,14.72159463,35.51539534,49.95,0.16298008,31968,255.686875
AES-GCM,1000,128,14.58594389,34.66588247,49.9,0.16298008,31968,250.9405
AES-GCM,1000,128,13.67882441,32.6657847,49.85,0.16298008,31968,236.08
AES-GCM,1000,1024,24.3721602,42.84260282,49.95,0.165543556,31968,257.288166
AES-GCM,1000,1024,26.218471,46.49446922,49.85,0.165543556,31968,277.128792
AES-GCM,1000,1024,28.78023981,53.0204149,47.35,0.165543556,31968,301.188792
AES-GCM,1000,1024,26.41113556,46.23171326,49.95,0.165543556,31968,277.289417
AES-GCM,1000,1024,26.60100278,46.42543162,49.95,0.165543556,31968,279.780292
AES-GCM,1000,1024,26.12416935,45.83331483,49.95,0.165543556,31968,274.632375
AES-GCM,1000,1024,26.7079178,46.92890838,49.8,0.165543556,31968,279.281583
AES-GCM,1000,1024,29.9120351,48.92315523,45.15,0.165543556,31968,301.870375
AES-GCM,1000,1024,26.09943156,46.10930529,49.95,0.165543556,31968,276.083166
AES-GCM,1000,1024,24.47757317,43.01996314,49.9,0.165543556,31968,257.857625
AES-GCM,1000,10240,98.62205962,115.4633781,49.95,0.197428703,31968,401.259625
AES-GCM,1000,10240,105.0733281,123.7295844,49.85,0.197428703,31968,427.386041
AES-GCM,1000,10240,103.4228817,122.6642986,49.85,0.197428703,31968,423.778083
AES-GCM,1000,10240,103.3208375,121.3005617,49.95,0.197428703,31968,424.153667
AES-GCM,1000,10240,102.607247,120.608544,49.95,0.197428703,31968,420.482667
AES-GCM,1000,10240,104.5795983,122.7793894,49.8,0.197428703,31968,430.644791
AES-GCM,1000,10240,102.9865906,121.4211051,50,0.197428703,31968,421.351458
AES-GCM,1000,10240,115.5977121,135.5332074,47.2,0.197428703,31968,471.6765
AES-GCM,1000,10240,104.6020202,123.6461607,49.8,0.197428703,31968,427.267667
AES-GCM,1000,10240,100.2662342,117.9692533,49.8,0.197428703,31968,409.959041
AES-GCM,10000,128,118.9166923,293.1416119,49.95,2.446421623,319968,2181.386375
AES-GCM,10000,128,121.2778341,301.1343403,49.85,2.446421623,319968,2226.773
AES-GCM,10000,128,118.9561526,295.1324534,50,2.446421623,319968,2184.522209
AES-GCM,10000,128,119.727195,297.0448589,50,2.446421623,319968,2202.732792
AES-GCM,10000,128,119.9200227,297.8088009,50,2.446421623,319968,2206.134042
AES-GCM,10000,128,119.4482657,295.7707053,50,2.446421623,319968,2188.327792
AES-GCM,10000,128,118.9557952,294.9198271,50,2.446421623,319968,2185.19125
AES-GCM,10000,128,118.2879778,293.6412035,50,2.446421623,319968,2176.442959
AES-GCM,10000,128,117.214629,292.5103178,50,2.446421623,319968,2159.737292
AES-GCM,10000,128,117.9878789,294.2056261,50,2.446421623,319968,2176.985667
AES-GCM,10000,1024,220.2215251,394.4625989,50,2.4489851,319968,2423.85775
AES-GCM,10000,1024,246.2246768,424.1312473,48.6,2.4489851,319968,2629.3555
AES-GCM,10000,1024,224.4864959,403.0653261,50,2.4489851,319968,2475.279708
AES-GCM,10000,1024,224.78842,402.2932915,50,2.4489851,319968,2474.115167
AES-GCM,10000,1024,227.1074882,403.6637952,49.8,2.4489851,319968,2486.6315
AES-GCM,10000,1024,225.0038553,407.7597197,49.5,2.4489851,319968,2491.550666
AES-GCM,10000,1024,223.9913365,401.7794413,50,2.4489851,319968,2458.473958
AES-GCM,10000,1024,226.0961853,404.3514504,50,2.4489851,319968,2480.66075
AES-GCM,10000,1024,225.2414928,403.59843,50,2.4489851,319968,2474.655291
AES-GCM,10000,1024,225.0892958,403.3000102,50,2.4489851,319968,2473.809209
AES-GCM,10000,10240,957.5422571,1133.810413,50,2.483485222,319968,3934.754
AES-GCM,10000,10240,958.3242615,1136.409353,49.85,2.483485222,319968,3948.290708
AES-GCM,10000,10240,965.440622,1142.414736,49.75,2.483485222,319968,3964.515041
AES-GCM,10000,10240,958.0220733,1134.675379,50,2.483485222,319968,3936.7165
AES-GCM,10000,10240,971.6254978,1156.038366,49.65,2.483485222,319968,4012.441667
AES-GCM,10000,10240,966.7359762,1149.107531,49.75,2.483485222,319968,3985.301708
AES-GCM,10000,10240,959.1999706,1136.302503,50,2.483485222,319968,3942.123459
AES-GCM,10000,10240,953.17549,1129.294685,50,2.483485222,319968,3918.130667
AES-GCM,10000,10240,993.8839492,1161.443551,48.95,2.483485222,319968,4083.577084
AES-GCM,10000,10240,983.2603669,1174.148408,49.1,2.483485222,319968,4072.760792
RatchetTree,5,128,0.547500094,0.451792032,41.95,0.019717216,176,9.158875037
RatchetTree,5,128,0.467289938,0.512874976,49.85,0.008802414,176,4.992833012
RatchetTree,5,128,0.366875029,0.412083988,49.7,0.008794785,176,4.022583016
RatchetTree,5,128,0.399164855,0.423792051,49.85,0.008787155,176,4.257542023
RatchetTree,5,128,0.616250036,0.501000031,50.15,0.008779526,176,5.971417006
RatchetTree,5,128,0.324165158,0.511126011,49.9,0.008771896,176,4.666499968
RatchetTree,5,128,0.41021005,0.492043095,49.85,0.008764267,176,4.602958041
RatchetTree,5,128,0.651875162,0.569873955,49.8,0.008749008,176,6.681333994
RatchetTree,5,128,0.476459973,0.541125017,49.95,0.008741379,176,5.219125014
RatchetTree,5,128,0.284374983,1.579457952,21.6,0.008733749,176,11.83270803
RatchetTree,5,1024,0.710204768,0.785957091,47.1,0.011289597,176,7.613708964
RatchetTree,5,1024,0.553959981,0.767167017,49.55,0.011281967,176,6.30954199
RatchetTree,5,1024,0.917704892,0.678083976,49.9,0.011274338,176,6.632541015
RatchetTree,5,1024,0.771460182,0.835957995,47.4,0.011266708,176,6.990459049
RatchetTree,5,1024,0.556044979,0.694832066,49.95,0.011259079,176,5.807167036
RatchetTree,5,1024,0.522710034,0.628540991,47.35,0.01124382,176,6.46087504
RatchetTree,5,1024,0.872705132,0.634957978,49.85,0.011236191,176,6.542791962
RatchetTree,5,1024,0.708329899,0.71670796,50,0.011228561,176,6.095707999
RatchetTree,5,1024,0.43625012,0.526832999,47.5,0.011220932,176,4.838792025
RatchetTree,5,1024,0.724999991,0.756209018,48.95,0.011213303,176,6.889125041
RatchetTree,5,10240,2.003960253,1.389209006,49.85,0.045752525,176,13.96625
RatchetTree,5,10240,2.049375034,1.465416048,49.9,0.045744896,176,13.695125
RatchetTree,5,10240,1.974375045,1.393958984,49.9,0.04569149,176,13.84479197
RatchetTree,5,10240,1.807289955,1.370375045,49.85,0.04569149,176,13.729667
RatchetTree,5,10240,1.66791986,1.495459059,49.85,0.04569149,176,14.33954196
RatchetTree,5,10240,1.98812515,1.411541947,49.8,0.04569149,176,14.38212499
RatchetTree,5,10240,1.915835019,1.438915962,49.9,0.04569149,176,13.73708301
RatchetTree,5,10240,0.569169933,0.500542053,49.8,0.04569149,176,9.551625
RatchetTree,5,10240,2.013125049,1.401290996,49.95,0.04569149,176,12.45387498
RatchetTree,5,10240,1.560414967,1.399874047,49.8,0.04569149,176,13.79608299
RatchetTree,50,128,5.966698518,3.991667123,49.9,0.041928291,2156,35.97691696
RatchetTree,50,128,3.31455085,3.884665959,49.7,0.041928291,2156,31.701667
RatchetTree,50,128,2.235447755,7.052959059,34.3,0.041928291,2156,30.91420798
RatchetTree,50,128,3.600001219,3.786291811,49.95,0.041928291,2156,31.86583403
RatchetTree,50,128,3.241701052,3.856041061,49.95,0.041928291,2156,32.614458
RatchetTree,50,128,3.125000512,3.67391709,49.8,0.041928291,2156,32.096209
RatchetTree,50,128,5.064552533,3.854206298,49.95,0.041928291,2156,32.42704197
RatchetTree,50,128,3.975001164,3.780080006,49.95,0.041928291,2156,32.02641697
RatchetTree,50,128,4.345847992,4.067962815,49.95,0.041928291,2156,32.07091696
RatchetTree,50,128,3.849997302,3.731128993,49.95,0.041928291,2156,32.37166704
RatchetTree,50,1024,4.797900328,5.072581931,49.75,0.044491768,2156,33.88983296
RatchetTree,50,1024,7.875001756,5.116164917,49.9,0.044491768,2156,34.90799997
RatchetTree,50,1024,4.672902287,4.808791913,49.95,0.044491768,2156,32.70975
RatchetTree,50,1024,8.289600373,5.218706967,49.9,0.044491768,2156,34.77895795
RatchetTree,50,1024,5.893749767,5.293628899,49.95,0.044491768,2156,34.62416603
RatchetTree,50,1024,6.710400339,5.03849797,49.95,0.044491768,2156,34.04633305
RatchetTree,50,1024,10.10414853,5.675295717,49.7,0.044491768,2156,34.14020798
RatchetTree,50,1024,4.502097727,2.60300131,49.15,0.044491768,2156,19.64458404
RatchetTree,50,1024,5.947900354,5.142456153,45.85,0.044491768,2156,36.871708
RatchetTree,50,1024,5.36669977,5.18725079,49.9,0.044491768,2156,33.568958
RatchetTree,50,10240,23.38750055,12.92062789,49.85,0.07903862,2156,43.74570801
RatchetTree,50,10240,15.55625058,13.18008814,49.85,0.07903862,2156,44.31433295
RatchetTree,50,10240,11.93335047,12.52249902,49.5,0.07903862,2156,41.53308301
RatchetTree,50,10240,16.09789906,12.72662688,49.95,0.07903862,2156,44.92950003
RatchetTree,50,10240,11.22500107,12.50950311,49.65,0.07903862,2156,42.00999998
RatchetTree,50,10240,15.57914948,12.43529102,49,0.07903862,2156,44.96483301
RatchetTree,50,10240,13.20834854,12.74099917,49.9,0.07903862,2156,44.83270802
RatchetTree,50,10240,15.80204989,12.71679386,49.95,0.07903862,2156,45.71454099
RatchetTree,50,10240,13.36665009,12.77104078,49.3,0.07903862,2156,44.815292
RatchetTree,50,10240,15.79165109,12.49178982,49.95,0.07903862,2156,44.85195799
RatchetTree,100,128,5.812500603,6.099663733,49.95,0.079363823,4356,52.463083
RatchetTree,100,128,5.958304973,6.139953097,49.9,0.079363823,4356,52.891083
RatchetTree,100,128,5.891604815,6.341001135,49.8,0.079363823,4356,52.13216704
RatchetTree,100,128,6.004201714,6.258622278,49.95,0.079363823,4356,53.36174998
RatchetTree,100,128,5.349999992,5.442157155,49.85,0.079363823,4356,45.14374997
RatchetTree,100,128,5.708396202,5.986917007,49.9,0.079363823,4356,51.716291
RatchetTree,100,128,6.316695362,6.087000889,49.9,0.079363823,4356,52.598209
RatchetTree,100,128,6.087496877,6.181122386,49.8,0.079363823,4356,51.28266598
RatchetTree,100,128,6.070797099,6.237963913,50,0.079363823,4356,52.01904196
RatchetTree,100,128,3.475003177,3.55141703,49.9,0.079363823,4356,32.96962497
RatchetTree,100,1024,10.15419839,8.252459869,49.9,0.081927299,4356,55.77683297
RatchetTree,100,1024,9.924999904,8.269337181,49.7,0.081927299,4356,55.29145803
RatchetTree,100,1024,11.87500311,8.307756972,49.9,0.081927299,4356,57.09404103
RatchetTree,100,1024,9.874999523,8.258254325,49.95,0.081927299,4356,56.51287502
RatchetTree,100,1024,9.645801038,8.234998735,49.95,0.081927299,4356,56.53566599
RatchetTree,100,1024,7.708399789,8.304664923,49.9,0.081927299,4356,54.007333
RatchetTree,100,1024,9.304197738,8.306042175,49.95,0.081927299,4356,55.27095904
RatchetTree,100,1024,10.75830078,8.355789934,49.9,0.081927299,4356,56.39683397
RatchetTree,100,1024,9.883398889,8.274630178,49.9,0.081927299,4356,56.57008401
RatchetTree,100,1024,9.412498912,8.497044677,49.95,0.081927299,4356,55.40895904
RatchetTree,100,10240,16.90420322,20.69946256,49.95,0.116474152,4356,63.46799998
RatchetTree,100,10240,26.62910265,20.4922863,49.95,0.116474152,4356,69.14450001
RatchetTree,100,10240,26.94589784,20.62137134,49.95,0.116474152,4356,70.06
RatchetTree,100,10240,31.7958009,20.87845397,49.95,0.116474152,4356,73.07162497
RatchetTree,100,10240,25.92920209,19.99916713,49.85,0.116474152,4356,67.68733304
RatchetTree,100,10240,22.58329769,21.17404115,49.95,0.116474152,4356,66.20779203
RatchetTree,100,10240,33.22919947,20.56341647,49.95,0.116474152,4356,69.60291602
RatchetTree,100,10240,25.81250155,20.44899808,49.85,0.116474152,4356,69.53666703
RatchetTree,100,10240,31.50000121,21.02420788,49.95,0.116474152,4356,70.60162496
RatchetTree,100,10240,31.51670098,20.6383302,49.6,0.116474152,4356,70.40816697
RatchetTree,1000,128,28.74998609,28.23794854,49.95,0.73583889,43956,251.956292
RatchetTree,1000,128,27.70801075,28.5067847,50,0.73583889,43956,252.101875
RatchetTree,1000,128,26.79199679,28.3691251,47.05,0.73583889,43956,255.995625
RatchetTree,1000,128,26.74997086,28.4182147,50,0.73583889,43956,251.917375
RatchetTree,1000,128,27.08297689,28.76269235,50,0.73583889,43956,254.743666
RatchetTree,1000,128,26.33302938,28.29775686,49.95,0.73583889,43956,252.030542
RatchetTree,1000,128,24.58301606,28.81435264,49.9,0.73583889,43956,256.005333
RatchetTree,1000,128,26.79199679,28.07541186,49.95,0.73583889,43956,250.103583
RatchetTree,1000,128,28.29096047,31.66621202,49.05,0.750220299,43956,293.682917
RatchetTree,1000,128,26.37499711,29.09799211,50,0.735892296,43956,256.169125
RatchetTree,1000,1024,42.41702845,40.39122997,49.3,0.738455772,43956,247.762209
RatchetTree,1000,1024,43.41703607,38.79152826,49.9,0.738455772,43956,266.199833
RatchetTree,1000,1024,40.20798951,38.55991369,49.9,0.738455772,43956,260.25325
RatchetTree,1000,1024,46.50000483,38.71011769,49.95,0.738455772,43956,266.396041
RatchetTree,1000,1024,43.74998389,39.08841015,50,0.738455772,43956,268.616
RatchetTree,1000,1024,46.4580371,38.90473646,50,0.738455772,43956,266.048291
RatchetTree,1000,1024,42.62500443,39.26446103,49.95,0.738455772,43956,269.983042
RatchetTree,1000,1024,45.24999531,40.677752,49.75,0.738455772,43956,275.073041
RatchetTree,1000,1024,46.87497858,40.50688632,49.7,0.738455772,43956,269.03475
RatchetTree,1000,1024,44.33403956,40.90491089,49.7,0.738455772,43956,273.340291
RatchetTree,1000,10240,129.4590184,112.4575958,49.95,0.773002625,43956,343.167166
RatchetTree,1000,10240,127.7499832,111.739161,50,0.773002625,43956,342.826458
RatchetTree,1000,10240,128.2080193,113.3032146,49.8,0.773002625,43956,348.20375
RatchetTree,1000,10240,139.8749882,114.1525671,49.85,0.773002625,43956,347.32175
RatchetTree,1000,10240,129.5830007,111.7352375,50,0.773002625,43956,346.081083
RatchetTree,1000,10240,139.8749882,113.0416155,49.8,0.773002625,43956,340.889458
RatchetTree,1000,10240,128.6249608,112.4259738,49.95,0.773002625,43956,343.77825
RatchetTree,1000,10240,127.8329873,111.27445,50,0.773002625,43956,344.022667
RatchetTree,1000,10240,133.7500289,112.3438657,49.4,0.773002625,43956,345.238334
RatchetTree,1000,10240,130.5409824,112.1182974,49.95,0.773002625,43956,343.942458
RatchetTree,10000,128,330.8302257,318.299095,50,7.116095543,439956,2393.556208
RatchetTree,10000,128,211.6704127,280.7517555,50,7.101820946,439956,2162.026709
RatchetTree,10000,128,235.8295023,302.3457686,50,7.111334801,439956,2285.192
RatchetTree,10000,128,223.7496665,281.4749674,50,7.101820946,439956,2173.773583
RatchetTree,10000,128,353.7500743,283.0298968,48.95,7.101820946,439956,2209.691209
RatchetTree,10000,128,252.0799171,318.7170477,50,7.116148949,439956,2437.611958
RatchetTree,10000,128,211.2495713,282.6883505,50,7.101820946,439956,2172.086667
RatchetTree,10000,128,294.5796587,321.0392788,50,7.116095543,439956,2443.955916
RatchetTree,10000,128,214.5796316,289.0377198,49.6,7.101820946,439956,2213.562208
RatchetTree,10000,128,231.6600876,314.9203421,49.35,7.111334801,439956,2320.107834
RatchetTree,10000,1024,343.7499981,383.424853,49.95,7.104384422,439956,2311.249125
RatchetTree,10000,1024,340.4199379,383.3723794,49.85,7.104384422,439956,2307.099333
RatchetTree,10000,1024,450.4201934,423.2984663,50,7.118712425,439956,2584.752125
RatchetTree,10000,1024,325.0001464,385.7774849,50,7.104384422,439956,2335.6535
RatchetTree,10000,1024,372.0796667,422.1523263,50,7.118659019,439956,2576.329666
RatchetTree,10000,1024,357.9200711,393.8313586,49.55,7.104384422,439956,2370.250125
RatchetTree,10000,1024,378.7502646,404.5046951,49.9,7.113898277,439956,2446.515291
RatchetTree,10000,1024,354.1697515,382.2590193,50,7.104384422,439956,2306.0715
RatchetTree,10000,1024,331.249903,387.8765692,49.95,7.104384422,439956,2337.902125
RatchetTree,10000,1024,373.3299673,428.7993659,49.95,7.118712425,439956,2623.77325
RatchetTree,10000,10240,1177.499653,1115.359363,49.95,7.138931274,439956,3063.330417
RatchetTree,10000,10240,1098.749926,1149.714567,50,7.153205872,439956,3317.192375
RatchetTree,10000,10240,1087.919809,1112.09329,50,7.138931274,439956,3035.435667
RatchetTree,10000,10240,1119.170338,1133.187658,50,7.148445129,439956,3131.956208
RatchetTree,10000,10240,1076.670014,1112.03193,49.7,7.138931274,439956,3072.400125
RatchetTree,10000,10240,1123.339753,1112.90182,50,7.138931274,439956,3065.331834
RatchetTree,10000,10240,1107.499702,1193.559389,48.95,7.153259277,439956,3432.853542
RatchetTree,10000,10240,1413.339633,1113.637424,50,7.138931274,439956,3058.726208
RatchetTree,10000,10240,1100.829686,1150.039793,50,7.153205872,439956,3327.386708
RatchetTree,10000,10240,1092.50017,1155.822395,49.2,7.138931274,439956,3144.877792
Hybrid,5,128,0.42200007,0.06891595,49.7,0.055214882,5248,4611.607917
Hybrid,5,128,0.123584992,0.034499972,50,0.026569366,5248,7171.790291
Hybrid,5,128,0.11100102,0.035709061,50,0.025531769,5248,4603.750833
Hybrid,5,128,0.092458911,0.03562402,49.95,0.025375366,5248,6094.743125
Hybrid,5,128,0.125249033,0.031210016,49.7,0.025360107,5248,4971.2825
Hybrid,5,128,0.10408496,0.043081935,49.8,0.025360107,5248,7241.13
Hybrid,5,128,0.08774898,0.03924995,49.75,0.025344849,5248,5479.542458
Hybrid,5,128,0.135875016,0.032207055,49.25,0.024723053,5248,4225.898
Hybrid,5,128,0.11695805,0.031335047,49.95,0.024963379,5248,6434.582042
Hybrid,5,128,0.096543052,0.031167059,49.55,0.024951935,5248,3824.283584
Hybrid,5,1024,0.125710038,0.047499954,49.35,0.027511597,5248,5722.791042
Hybrid,5,1024,0.160166994,0.04766701,49.8,0.027503967,5248,4826.104166
Hybrid,5,1024,0.115706935,0.053707976,49.95,0.027496338,5248,3722.409125
Hybrid,5,1024,0.119832985,0.048749032,49.6,0.027492523,5248,2594.203
Hybrid,5,1024,0.11991692,0.047832029,50,0.027755737,5248,4065.62025
Hybrid,5,1024,0.127375009,0.049790891,50,0.027835846,5248,8222.031416
Hybrid,5,1024,0.123166014,0.051500974,50,0.026233673,5248,3963.470083
Hybrid,5,1024,0.114458904,0.049916911,49.5,0.027454376,5248,5834.222209
Hybrid,5,1024,0.207749952,0.046874979,49.35,0.027442932,5248,7527.481125
Hybrid,5,1024,0.132667017,0.048250076,49.9,0.027435303,5248,6060.510583
Hybrid,5,10240,0.290957978,0.156164984,50,0.06653595,5248,5044.888625
Hybrid,5,10240,0.27733203,0.156542053,50,0.06652832,5248,2821.629083
Hybrid,5,10240,0.263291877,0.162624987,49.85,0.066520691,5248,6561.456875
Hybrid,5,10240,0.259791908,0.155706948,49.6,0.066509247,5248,3291.255958
Hybrid,5,10240,0.26637502,0.158333976,50,0.066509247,5248,5239.10525
Hybrid,5,10240,0.243041955,0.156208,50,0.066505432,5248,3835.835875
Hybrid,5,10240,0.25141699,0.156291004,50,0.065525055,5248,5742.741417
Hybrid,5,10240,0.244208903,0.160957046,50,0.066505432,5248,3087.478917
Hybrid,5,10240,0.241457019,0.155666028,49.65,0.066501617,5248,6297.619084
Hybrid,5,10240,0.309458002,0.158250914,49.6,0.066505432,5248,3367.375
Hybrid,50,128,1.048211183,0.416585244,50,0.165699959,628768,54192.16475
Hybrid,50,128,1.012042107,0.32846001,49.8,0.167420387,628768,54164.78625
Hybrid,50,128,0.879548199,0.329251168,49.9,0.168595314,628768,51451.2835
Hybrid,50,128,0.992789981,0.329044124,49.85,0.170056343,628768,60038.61167
Hybrid,50,128,0.958878023,0.3257512,49.9,0.171780586,628768,45986.13371
Hybrid,50,128,0.95387717,0.329375092,49.9,0.17034626,628768,49294.59171
Hybrid,50,128,0.993997965,0.329706236,49.8,0.159600258,628768,56280.97696
Hybrid,50,128,0.994628761,0.327712682,49.9,0.16007328,628768,39033.90954
Hybrid,50,128,0.891254982,0.331541814,49.9,0.15976429,628768,52158.2695
Hybrid,50,128,0.888454961,0.327464077,49.9,0.159623146,628768,49516.85737
Hybrid,50,1024,1.918416936,0.516956148,49.85,0.162209511,628768,51740.287
Hybrid,50,1024,1.420253131,0.692414236,49.9,0.162205696,628768,51235.06342
Hybrid,50,1024,1.184456865,0.518083165,49.95,0.162198067,628768,57781.34779
Hybrid,50,1024,1.070711005,0.51862601,50,0.16246891,628768,53850.68025
Hybrid,50,1024,1.138244057,0.522333023,49.85,0.162194252,628768,59586.05696
Hybrid,50,1024,1.180877967,0.518417219,49.95,0.162194252,628768,55933.80533
Hybrid,50,1024,1.116254018,0.516249798,49.8,0.162175179,628768,51192.25733
Hybrid,50,1024,1.187332033,0.549083983,49.9,0.162190437,628768,51053.60167
Hybrid,50,1024,1.217957004,0.518416287,49.8,0.162182808,628768,57143.49313
Hybrid,50,1024,1.206251211,0.522420974,49.9,0.162178993,628768,45611.65075
Hybrid,50,10240,4.526085861,1.900876872,49.9,0.201230049,628768,40651.67917
Hybrid,50,10240,2.821126895,1.870997017,49.9,0.201275826,628768,57969.69513
Hybrid,50,10240,2.863919886,1.867460029,49.95,0.201268196,628768,53591.01925
Hybrid,50,10240,2.808121906,1.854790025,49.85,0.20127964,628768,51559.4785
Hybrid,50,10240,2.713247843,1.858713338,49.95,0.20128727,628768,50766.60046
Hybrid,50,10240,2.816913882,1.882873126,49.85,0.201535225,628768,51006.84533
Hybrid,50,10240,2.772536711,1.871999004,49.95,0.20121479,628768,47339.52329
Hybrid,50,10240,2.81562499,1.862620004,49.85,0.201226234,628768,57298.54821
Hybrid,50,10240,2.770623949,1.882211014,49.95,0.201210976,628768,54208.23421
Hybrid,50,10240,4.556418862,2.303500194,46.45,0.201226234,628768,54478.16662
Hybrid,100,128,3.889792191,1.126164978,49.55,0.312209129,2537568,105836.7601
Hybrid,100,128,3.473957884,0.683961902,49.6,0.316134453,2537568,103693.8002
Hybrid,100,128,1.909631013,0.664294232,49.8,0.31692791,2537568,104869.458
Hybrid,100,128,1.903581258,0.675035873,49.85,0.319247246,2537568,103297.0663
Hybrid,100,128,2.118463046,0.743958168,49.9,0.323279381,2537568,101715.0386
Hybrid,100,128,1.938248985,0.688460073,49.9,0.316447258,2537568,114657.9314
Hybrid,100,128,1.89266802,0.659206649,49.85,0.31837368,2537568,99513.06417
Hybrid,100,128,1.927962177,0.680584984,49.9,0.319277763,2537568,113710.1696
Hybrid,100,128,1.857338357,0.665461062,49.95,0.321490288,2537568,103712.799
Hybrid,100,128,1.830299094,0.668287859,49.85,0.313113213,2537568,98003.43525
Hybrid,100,1024,2.301663975,1.047579397,49.9,0.314822197,2537568,89520.02833
Hybrid,100,1024,2.887422103,1.303085126,49.85,0.315649986,2537568,104471.2605
Hybrid,100,1024,2.100869315,1.067248581,49.95,0.318007469,2537568,103016.5779
Hybrid,100,1024,2.194414905,1.047128288,49.9,0.320040703,2537568,105683.7426
Hybrid,100,1024,2.401619859,1.074707892,49.6,0.322047234,2537568,107901.5011
Hybrid,100,1024,2.317756065,1.053037879,49.85,0.323504448,2537568,102549.6318
Hybrid,100,1024,2.303668356,1.074119646,49.9,0.314780235,2537568,101204.6395
Hybrid,100,1024,2.299666055,1.071045059,49.9,0.315649986,2537568,108291.1777
Hybrid,100,1024,2.372165269,1.095381274,49.9,0.317957878,2537568,108860.3381
Hybrid,100,1024,2.215504006,1.04775076,49.9,0.320048332,2537568,95380.79537
Hybrid,100,10240,5.586296262,3.7809551,49.85,0.361376762,2537568,97486.17396
Hybrid,100,10240,5.501290783,3.74341273,49.9,0.361380577,2537568,105498.0014
Hybrid,100,10240,5.486956972,3.745623981,49.95,0.353835106,2537568,104851.0542
Hybrid,100,10240,5.50120679,3.747581912,49.9,0.354674339,2537568,102371.5173
Hybrid,100,10240,5.58737875,3.849959234,49.85,0.357020378,2537568,116110.2979
Hybrid,100,10240,5.470583099,3.759714018,49.9,0.359061241,2537568,105123.8224
Hybrid,100,10240,6.530665909,3.840830119,49.95,0.361357689,2537568,125508.3076
Hybrid,100,10240,5.507251073,3.749999683,49.95,0.361380577,2537568,99488.82779
Hybrid,100,10240,5.725540803,4.053498094,49.9,0.353835106,2537568,103843.7714
Hybrid,100,10240,5.496496917,3.774620593,49.95,0.354727745,2537568,114518.8565
Hybrid,1000,128,22.8214481,7.373104105,49.8,2.927945137,255775968,1048919.948
Hybrid,1000,128,19.53412633,7.023841492,49.8,2.85606575,255775968,1086953.966
Hybrid,1000,128,22.81444755,7.373325723,49.8,2.927376403,255775968,1048494.351
Hybrid,1000,128,19.56116376,7.021724339,49.8,2.856229722,255775968,1087173.904
Hybrid,1000,128,22.80424072,7.372113874,49.8,2.927474698,255775968,1048818.108
Hybrid,1000,128,22.8154634,7.372129134,49.8,2.927490669,255775968,1048861.43
Hybrid,1000,128,19.53835101,7.025369486,49.8,2.857179592,255775968,1086856.06
Hybrid,1000,128,22.8155178,7.367568432,49.8,2.928062413,255775968,1048891.988
Hybrid,1000,128,22.81677953,7.372286064,49.8,2.927265621,255775968,1048875.606
Hybrid,1000,128,22.8669116,7.37192093,49.8,2.927370996,255775968,1048972.826
Hybrid,1000,1024,23.13951228,10.72857977,49.8,2.858282089,255775968,1031590.913
Hybrid,1000,1024,24.44992965,11.765523,49.8,2.858350754,255775968,1048680.918
Hybrid,1000,1024,24.45128412,11.76453053,49.8,2.858350475,255775968,1048705.25
Hybrid,1000,1024,23.14024267,10.73035148,49.8,2.858282333,255775968,1031475.406
Hybrid,1000,1024,24.45183015,11.76137802,49.8,2.85835083,255775968,1048663.691
Hybrid,1000,1024,23.14031971,10.72842263,49.8,2.858282616,255775968,1031696.392
Hybrid,1000,1024,24.44860523,11.75831195,49.8,2.85835109,255775968,1048702.163
Hybrid,1000,1024,23.14487876,10.72624304,49.8,2.858282045,255775968,1031585.025
Hybrid,1000,1024,24.45573593,11.77185565,49.8,2.858350518,255775968,1048676.019
Hybrid,1000,1024,24.44863634,11.77082857,49.8,2.85835063,255775968,1048591.337
Hybrid,1000,10240,54.59901883,38.08813717,49.85,2.893392563,255775968,1009043.114
Hybrid,1000,10240,56.99420848,38.54059114,49.8,2.903505325,255775968,1087041.186
Hybrid,1000,10240,54.60350245,38.08794005,49.84984768,2.893367162,255775968,1008791.804
Hybrid,1000,10240,54.60056306,38.08765597,49.84985525,2.893339118,255775968,1008714.877
Hybrid,1000,10240,54.59968836,38.08660419,49.8504477,2.893391406,255775968,1009796.587
Hybrid,1000,10240,54.61157604,38.08627462,49.84978724,2.893490677,255775968,1008288.632
Hybrid,1000,10240,54.61015398,38.09181309,49.84980344,2.893341335,255775968,1009618.906
Hybrid,1000,10240,54.58083847,38.08579589,49.84966866,2.893437112,255775968,1008934.864
Hybrid,1000,10240,54.58841135,38.08869618,49.85056659,2.893423657,255775968,1008657.725
Hybrid,1000,10240,56.97645038,38.54165631,49.80006535,2.903488556,255775968,1086769.406
Hybrid,10000,128,190.2928287,71.98107213,49.9,3.775587273,25597759968,10608167.26
Hybrid,10000,128,222.2466482,77.89203495,49.9,3.775605583,25597759968,10585634.79
Hybrid,10000,128,190.549943,71.93851285,49.9,3.77558718,25597759968,10607990.78
Hybrid,10000,128,190.4086467,72.02298763,49.9,3.775587318,25597759968,10607903.62
Hybrid,10000,128,190.2003046,72.04545471,49.9,3.775587127,25597759968,10608283.61
Hybrid,10000,128,222.3018517,77.89255242,49.9,3.775605654,25597759968,10585416.34
Hybrid,10000,128,190.3258953,71.93096074,49.9,3.77558724,25597759968,10608293.58
Hybrid,10000,128,222.4097338,77.85943001,49.9,3.775605555,25597759968,10585591.28
Hybrid,10000,128,222.4410751,77.8372115,49.9,3.775605613,25597759968,10585514.9
Hybrid,10000,128,222.0606324,77.87612228,49.9,3.775605651,25597759968,10585547.94
Hybrid,10000,1024,209.8466556,78.09262756,49.89599422,3.777520189,25107786544,10595200.72
Hybrid,10000,1024,209.8466556,78.09262756,49.89599422,3.777520189,25107786544,10595200.72
Hybrid,10000,1024,209.8466556,78.09262756,49.89599422,3.777520189,25107786544,10595200.72
Hybrid,10000,1024,209.8466556,78.09262756,49.89599422,3.777520189,25107786544,10595200.72
Hybrid,10000,1024,209.8466556,78.09262756,49.89599422,3.777520189,25107786544,10595200.72
Hybrid,10000,1024,209.8466556,78.09262756,49.89599422,3.777520189,25107786544,10595200.72
Hybrid,10000,1024,209.8466556,78.09262756,49.89599422,3.777520189,25107786544,10595200.72
Hybrid,10000,1024,209.8466556,78.09262756,49.89599422,3.777520189,25107786544,10595200.72
Hybrid,10000,1024,209.8466556,78.09262756,49.89599422,3.777520189,25107786544,10595200.72
Hybrid,10000,1024,209.8466556,78.09262756,49.89599422,3.777520189,25107786544,10595200.72
Hybrid,10000,10240,219.4442433,86.43977525,49.8685564,3.780972126,25042538244,10593675.04
Hybrid,10000,10240,219.4442433,86.43977525,49.8685564,3.780972126,25042538244,10593675.04
Hybrid,10000,10240,219.4442433,86.43977525,49.8685564,3.780972126,25042538244,10593675.04
Hybrid,10000,10240,219.4442433,86.43977525,49.8685564,3.780972126,25042538244,10593675.04
Hybrid,10000,10240,219.4442433,86.43977525,49.8685564,3.780972126,25042538244,10593675.04
Hybrid,10000,10240,219.4442433,86.43977525,49.8685564,3.780972126,25042538244,10593675.04
Hybrid,10000,10240,219.4442433,86.43977525,49.8685564,3.780972126,25042538244,10593675.04
Hybrid,10000,10240,219.4442433,86.43977525,49.8685564,3.780972126,25042538244,10593675.04
Hybrid,10000,10240,219.4442433,86.43977525,49.8685564,3.780972126,25042538244,10593675.04
Hybrid,10000,10240,219.4442433,86.43977525,49.8685564,3.780972126,25042538244,10593675.04
TreeKEM,5,128,3.428541939,8.463292033,50,0.074286461,128,1666.114291
TreeKEM,5,128,1.743833011,8.342166082,50,0.022296906,128,1167.565459
TreeKEM,5,128,1.719251042,8.230165986,47.05,0.020610809,128,1360.841083
TreeKEM,5,128,1.710584038,8.105832967,50,0.020320892,128,1555.5875
TreeKEM,5,128,1.778458944,8.268083038,50,0.020328522,128,1188.262125
TreeKEM,5,128,1.806290995,8.248499944,49.95,0.020587921,128,1232.900916
TreeKEM,5,128,1.80370803,8.324707975,49.95,0.020622253,128,1268.730167
TreeKEM,5,128,1.848874963,8.347749012,49.95,0.020626068,128,1354.297
TreeKEM,5,128,1.803291962,8.461875026,50,0.020606995,128,1599.12325
TreeKEM,5,128,1.777083031,8.473207999,50,0.020610809,128,1816.44325
TreeKEM,5,1024,1.847584033,8.410124981,50,0.023166656,128,1224.728708
TreeKEM,5,1024,1.798750018,8.980542072,49.9,0.02161026,128,1695.315667
TreeKEM,5,1024,1.837290998,8.255916939,50,0.022823334,128,1534.749458
TreeKEM,5,1024,1.755625068,8.155625022,50,0.02281189,128,1154.565375
TreeKEM,5,1024,1.746998925,8.286251046,49.85,0.02281189,128,1210.581542
TreeKEM,5,1024,1.725207083,8.128498914,49.05,0.022792816,128,1164.939959
TreeKEM,5,1024,1.868083084,9.097665956,50,0.022789001,128,1256.676583
TreeKEM,5,1024,1.729208045,8.291832986,50,0.022773743,128,974.11175
TreeKEM,5,1024,1.73066702,8.098081977,49.95,0.022781372,128,1330.605291
TreeKEM,5,1024,1.80187606,8.831666084,49.95,0.022750854,128,1120.20025
TreeKEM,5,10240,1.741916058,8.465082967,50,0.065158844,128,1376.042625
TreeKEM,5,10240,1.866791048,9.058333002,50,0.065139771,128,1388.733083
TreeKEM,5,10240,1.753584016,8.216041024,50,0.065132141,128,1188.740125
TreeKEM,5,10240,1.769248978,8.33095907,49.9,0.065383911,128,1275.797875
TreeKEM,5,10240,1.838416967,8.714792028,50,0.065494537,128,1725.217125
TreeKEM,5,10240,1.795833989,8.248165948,49.2,0.065479279,128,1166.834791
TreeKEM,5,10240,1.817542943,8.307834971,50,0.065475464,128,1265.373583
TreeKEM,5,10240,1.889749954,8.402667998,50,0.065486908,128,980.166917
TreeKEM,5,10240,1.914958993,8.736250922,50,0.065145493,128,1019.575125
TreeKEM,5,10240,1.759749954,8.597251028,50,0.065113068,128,1621.870209
TreeKEM,50,128,20.78291395,102.0652489,49.6,0.046562195,1568,1207.809958
TreeKEM,50,128,21.43566404,104.3788769,49.9,0.041591644,1568,1605.31875
TreeKEM,50,128,20.85021214,101.302952,49.4,0.046573639,1568,1860.297166
TreeKEM,50,128,21.24958712,102.7838741,50,0.045585632,1568,1401.225791
TreeKEM,50,128,21.51541814,114.4240021,49.45,0.04656601,1568,2561.225708
TreeKEM,50,128,21.79691487,106.7882489,49.95,0.046573639,1568,942.144834
TreeKEM,50,128,21.15687501,104.170833,50,0.046272278,1568,1962.318583
TreeKEM,50,128,20.80962603,101.1813697,50,0.046573639,1568,1242.53725
TreeKEM,50,128,21.82337706,105.8993319,49.95,0.039779663,1568,1597.146625
TreeKEM,50,128,21.11662802,103.9771317,49.95,0.046585083,1568,1803.632542
TreeKEM,50,1024,21.06058324,103.9634569,50,0.035942078,1568,1837.68425
TreeKEM,50,1024,20.87420737,101.7570859,50,0.04914093,1568,1288.0465
TreeKEM,50,1024,20.78454616,100.6265792,50,0.044168472,1568,1287.809959
TreeKEM,50,1024,20.75504593,100.8871284,49.95,0.04914093,1568,1237.081792
TreeKEM,50,1024,21.267751,104.2836668,50,0.04914093,1568,2113.599791
TreeKEM,50,1024,20.94029012,102.7594599,50,0.048847198,1568,1928.880709
TreeKEM,50,1024,20.88408481,101.9752468,50,0.049129486,1568,1443.5945
TreeKEM,50,1024,20.92854399,103.3698731,50,0.041301727,1568,1681.840333
TreeKEM,50,1024,20.95270995,102.7917519,50,0.049121857,1568,2103.314292
TreeKEM,50,1024,20.80108522,101.8312048,49.3,0.036437988,1568,1371.23
TreeKEM,50,10240,20.92045179,101.457204,50,0.091350555,1568,2120.43975
TreeKEM,50,10240,20.91712196,104.0149148,49.9,0.087228775,1568,1219.749542
TreeKEM,50,10240,21.0889579,103.8428311,50,0.091350555,1568,1588.336708
TreeKEM,50,10240,20.71799972,101.0821692,50,0.091369629,1568,1496.238292
TreeKEM,50,10240,21.14537492,103.5040432,49.95,0.091075897,1568,1755.591833
TreeKEM,50,10240,20.63666616,99.53108191,50,0.091362,1568,1826.996417
TreeKEM,50,10240,20.86399886,101.7996239,49.95,0.083530426,1568,1405.146125
TreeKEM,50,10240,20.78624821,100.4027071,50,0.091365814,1568,1713.027209
TreeKEM,50,10240,21.19204408,102.9258373,49.25,0.079114914,1568,1122.831625
TreeKEM,50,10240,20.75503999,100.143251,49.95,0.091362,1568,1114.828042
TreeKEM,100,128,42.27070615,208.6279973,50,0.051509857,3168,1579.252583
TreeKEM,100,128,42.27362323,206.6290053,50,0.050636292,3168,1404.034709
TreeKEM,100,128,42.05641866,206.0792869,50,0.059333801,3168,2017.800416
TreeKEM,100,128,42.16703802,207.0888748,50,0.068031311,3168,1958.413166
TreeKEM,100,128,42.24325012,208.335079,50,0.075565338,3168,1431.506917
TreeKEM,100,128,42.24924697,207.7002552,50,0.074687958,3168,1631.906542
TreeKEM,100,128,42.42263094,210.7501247,50,0.066562653,3168,1587.308375
TreeKEM,100,128,41.78428964,205.5328755,50,0.058010101,3168,1787.290125
TreeKEM,100,128,44.22475107,219.4100011,49.75,0.049232483,3168,1939.62175
TreeKEM,100,128,42.31604445,206.707163,49.55,0.052951813,3168,2436.787583
TreeKEM,100,1024,42.37520578,205.5336228,50,0.064231873,3168,1663.151625
TreeKEM,100,1024,42.24666691,207.1966637,49.95,0.072910309,3168,1477.88025
TreeKEM,100,1024,42.10553819,205.134006,49.95,0.078128815,3168,1617.548125
TreeKEM,100,1024,42.74904699,210.2792936,50,0.077270508,3168,1602.819375
TreeKEM,100,1024,42.02533251,204.6683287,50,0.069137573,3168,1668.149084
TreeKEM,100,1024,41.80342017,203.2841219,49.35,0.060447693,3168,1580.564958
TreeKEM,100,1024,41.87441693,205.816746,49.95,0.051750183,3168,1731.589709
TreeKEM,100,1024,41.98521026,207.277912,49.95,0.055522919,3168,1959.280167
TreeKEM,100,1024,42.07992408,205.3891292,49.6,0.064216614,3168,1461.704709
TreeKEM,100,1024,42.10450413,204.4049148,50,0.072914124,3168,1922.487708
TreeKEM,100,10240,42.14596294,205.6906678,49.85,0.120349884,3168,1082.1875
TreeKEM,100,10240,42.74536867,207.661833,49.95,0.119495392,3168,1346.344833
TreeKEM,100,10240,42.67850413,204.3520437,49.5,0.111362457,3168,2240.674208
TreeKEM,100,10240,42.13953851,207.2062956,50,0.102664948,3168,1895.808875
TreeKEM,100,10240,42.69916611,204.1811668,49.95,0.093975067,3168,1630.89575
TreeKEM,100,10240,41.97699885,203.5630417,49.95,0.098249435,3168,1584.212334
TreeKEM,100,10240,42.46320954,206.4472499,49.95,0.10694313,3168,1951.226
TreeKEM,100,10240,42.26803809,208.7882503,50,0.11564064,3168,1244.373083
TreeKEM,100,10240,43.38621278,216.8770033,49.2,0.120353699,3168,1942.998083
TreeKEM,100,10240,42.58436873,212.4675382,50,0.119483948,3168,1638.542
TreeKEM,1000,128,425.4843234,2110.992009,50,0.086122513,31968,3728.860084
TreeKEM,1000,128,423.7471582,2055.834958,50,0.086948395,31968,3846.800458
TreeKEM,1000,128,423.7875106,2073.913392,49.95,0.086898804,31968,3889.352167
TreeKEM,1000,128,421.7200816,2057.071813,50,0.086368561,31968,3596.019292
TreeKEM,1000,128,422.638968,2071.651264,50,0.086315155,31968,3560.466666
TreeKEM,1000,128,442.7889551,2132.497629,49.35,0.086914063,31968,4413.013292
TreeKEM,1000,128,422.2274407,2049.260072,49.95,0.086891174,31968,4078.406416
TreeKEM,1000,128,422.753403,2083.713956,50,0.086120605,31968,3654.409125
TreeKEM,1000,128,429.2797796,2119.787032,49.85,0.086605072,31968,3461.682583
TreeKEM,1000,128,470.227579,2340.666958,49.95,0.08719635,31968,3861.847667
TreeKEM,1000,1024,431.7382267,2171.284515,49.45,0.089206696,31968,4002.661458
TreeKEM,1000,1024,425.8668076,2086.33073,49.75,0.088607788,31968,4245.16075
TreeKEM,1000,1024,423.4992986,2077.729972,49.95,0.089767456,31968,4053.951083
TreeKEM,1000,1024,425.5846442,2086.465004,49.35,0.089763641,31968,4102.882292
TreeKEM,1000,1024,422.069941,2053.954278,50,0.088645935,31968,3984.562584
TreeKEM,1000,1024,420.5575792,2041.511793,50,0.089164734,31968,4173.349833
TreeKEM,1000,1024,421.5347134,2046.622335,50,0.089736938,31968,3672.325958
TreeKEM,1000,1024,419.1323481,2042.766795,50,0.089172363,31968,3638.743541
TreeKEM,1000,1024,423.6883242,2094.356382,50,0.08864975,31968,4232.015333
TreeKEM,1000,1024,420.8055395,2043.67571,50,0.089450836,31968,4635.634917
TreeKEM,1000,10240,429.8515885,2100.894725,49.1,0.132188797,31968,4116.636208
TreeKEM,1000,10240,421.8223767,2042.061247,50,0.131673813,31968,3920.6245
TreeKEM,1000,10240,433.4664994,2096.794299,49.75,0.131620407,31968,3793.674459
TreeKEM,1000,10240,423.8686337,2071.192907,50,0.132192612,31968,4143.852125
TreeKEM,1000,10240,420.2300565,2073.300982,50,0.132192612,31968,3621.369834
TreeKEM,1000,10240,419.6086882,2056.170289,50,0.131425858,31968,4319.431792
TreeKEM,1000,10240,423.2287614,2058.855195,49.95,0.131902695,31968,4419.617167
TreeKEM,1000,10240,422.0169986,2040.28814,49.95,0.132490158,31968,3911.618667
TreeKEM,1000,10240,427.3052113,2088.62092,49.8,0.131940842,31968,4122.71925
TreeKEM,1000,10240,421.4359888,2050.016513,50,0.13133049,31968,3808.901166
TreeKEM,10000,128,4247.354115,20715.19956,49.8,0.089782715,319968,26622.19108
TreeKEM,10000,128,4273.997207,20939.32699,49.75,0.089797974,319968,27163.68513
TreeKEM,10000,128,4245.363323,20853.5488,49.95,0.089790344,319968,27183.76454
TreeKEM,10000,128,4239.304704,20694.81678,49.95,0.090126038,319968,27068.22367
TreeKEM,10000,128,4253.74771,20695.82695,49.9,0.090072632,319968,26703.35246
TreeKEM,10000,128,4254.746324,20939.52353,49.7,0.089801788,319968,27194.19829
TreeKEM,10000,128,4310.02269,21499.78335,49.8,0.089782715,319968,28070.73362
TreeKEM,10000,128,4237.996466,20573.81056,50,0.08978653,319968,26634.52204
TreeKEM,10000,128,4270.723432,20931.88317,49.8,0.090129852,319968,27274.00058
TreeKEM,10000,128,4290.830604,21266.7164,49.85,0.090076447,319968,27853.52954
TreeKEM,10000,1024,4269.913051,20956.2485,49.85,0.092357635,319968,27772.55963
TreeKEM,10000,1024,4258.498073,20723.15164,50,0.092342377,319968,26800.01246
TreeKEM,10000,1024,4246.67868,20701.06067,50,0.092353821,319968,26615.06258
TreeKEM,10000,1024,4287.864391,21001.82022,49.85,0.092399597,319968,27194.73333
TreeKEM,10000,1024,4267.200608,20921.14542,49.85,0.092689514,319968,27462.81608
TreeKEM,10000,1024,4256.043276,20847.90809,49.9,0.09236908,319968,26725.69508
TreeKEM,10000,1024,4259.338259,20887.3172,50,0.092353821,319968,26892.15975
TreeKEM,10000,1024,4265.690093,20927.68231,49.85,0.092346191,319968,27147.73163
TreeKEM,10000,1024,4316.816215,21271.11477,49.85,0.092395782,319968,27016.83642
TreeKEM,10000,1024,4262.652227,20793.50223,50,0.092685699,319968,26888.86483
TreeKEM,10000,10240,4268.145408,20855.80668,49.8,0.135072708,319968,27558.41017
TreeKEM,10000,10240,4236.409191,20886.44013,50,0.135084152,319968,27345.8915
TreeKEM,10000,10240,4278.441202,21052.19538,49.8,0.135072708,319968,28158.87142
TreeKEM,10000,10240,4264.864943,21035.27104,49.9,0.135072708,319968,27527.94417
TreeKEM,10000,10240,4304.79659,21202.8394,49.8,0.135404587,319968,28087.26129
TreeKEM,10000,10240,4250.784019,20887.20634,49.95,0.135377884,319968,28381.71304
TreeKEM,10000,10240,4311.686491,21414.58522,49.75,0.135084152,319968,28486.60417
TreeKEM,10000,10240,4251.843022,20817.31382,50,0.135091782,319968,27413.20492
TreeKEM,10000,10240,4272.340192,20854.57595,49.85,0.135076523,319968,27743.09092
TreeKEM,10000,10240,4283.097457,21127.8945,49.95,0.135419846,319968,28960.53842
DoubleRatchet,5,128,0.099375029,0.445333018,33.8,0.302214622,128,20.844666
DoubleRatchet,5,128,0.16796001,0.363332103,49.85,0.01301384,128,20.45637497
DoubleRatchet,5,128,0.166459009,0.39375003,49.9,0.010878563,128,18.39787501
DoubleRatchet,5,128,0.161209027,0.375042029,49.9,0.010298729,128,19.46108299
DoubleRatchet,5,128,0.175626948,0.390083005,49.9,0.0102911,128,18.33466702
DoubleRatchet,5,128,0.168457977,0.378709112,49.9,0.01028347,128,18.22850003
DoubleRatchet,5,128,0.16120798,0.373916002,49.9,0.010275841,128,17.95941597
DoubleRatchet,5,128,0.168500002,0.383166072,49.9,0.010260582,128,19.03074997
DoubleRatchet,5,128,0.13929297,0.306459086,49.85,0.010252953,128,17.344583
DoubleRatchet,5,128,0.060914899,0.135166978,49.8,0.010245323,128,11.12104103
DoubleRatchet,5,1024,0.318125996,0.527708966,49.45,0.01280117,128,19.63579201
DoubleRatchet,5,1024,0.322290929,0.567501062,49.85,0.012793541,128,19.23162496
DoubleRatchet,5,1024,0.35287498,0.692916976,49.85,0.012785912,128,19.52129201
DoubleRatchet,5,1024,0.421083998,0.616082922,49.85,0.012778282,128,18.461
DoubleRatchet,5,1024,0.32295892,0.580417051,45.65,0.012770653,128,19.759583
DoubleRatchet,5,1024,0.391417067,0.868916977,46.55,0.012755394,128,20.862
DoubleRatchet,5,1024,0.481000054,0.865875045,49.45,0.012747765,128,26.23704198
DoubleRatchet,5,1024,0.381666934,0.737999973,49.85,0.012740135,128,24.63379101
DoubleRatchet,5,1024,0.368373992,0.628792041,50,0.012732506,128,28.62724999
DoubleRatchet,5,1024,0.434168032,0.672667986,50,0.012724876,128,24.664625
DoubleRatchet,5,10240,1.087584067,0.994207978,49.9,0.047217369,128,29.62891699
DoubleRatchet,5,10240,1.321250049,1.538625918,49.95,0.04720974,128,32.462042
DoubleRatchet,5,10240,1.484416949,1.809124951,49.9,0.04720211,128,31.71637497
DoubleRatchet,5,10240,1.315957052,1.800000027,49.95,0.047186852,128,35.397625
DoubleRatchet,5,10240,1.350164937,1.657667046,49.85,0.047125816,128,29.919833
DoubleRatchet,5,10240,1.337959955,1.836583018,49.9,0.047118187,128,33.94516598
DoubleRatchet,5,10240,1.355790999,1.568167063,49.55,0.047110558,128,35.01574998
DoubleRatchet,5,10240,1.558208955,1.698042091,49.95,0.047110558,128,34.757916
DoubleRatchet,5,10240,1.173874014,1.392374979,49.3,0.047110558,128,31.21262504
DoubleRatchet,5,10240,1.459499937,1.703916001,50,0.047110558,128,36.238209
DoubleRatchet,50,128,0.596170139,1.477915852,49.85,0.680970192,1568,463.243333
DoubleRatchet,50,128,0.597500068,1.491209026,47.3,0.575867653,1568,486.804625
DoubleRatchet,50,128,0.600497006,1.502873725,50,0.575867653,1568,455.336208
DoubleRatchet,50,128,0.592251134,1.457792183,50,0.575867653,1568,452.077875
DoubleRatchet,50,128,0.602126005,1.461244072,50,0.575867653,1568,457.02025
DoubleRatchet,50,128,0.605296053,1.545542036,50,0.575867653,1568,457.265833
DoubleRatchet,50,128,0.595710182,1.480954117,49.95,0.575867653,1568,451.500583
DoubleRatchet,50,128,0.615252007,1.540208119,49.95,0.575867653,1568,449.746958
DoubleRatchet,50,128,0.616374018,1.640668896,49.9,0.575867653,1568,434.90975
DoubleRatchet,50,128,0.619040802,1.544752158,49.95,0.575867653,1568,452.847333
DoubleRatchet,50,1024,1.113042061,1.981495821,49.95,0.578431129,1568,452.809583
DoubleRatchet,50,1024,1.176706864,2.087921079,50,0.578431129,1568,453.795667
DoubleRatchet,50,1024,1.159211039,2.036332269,49.95,0.578431129,1568,457.196125
DoubleRatchet,50,1024,1.111248159,1.995706058,49.8,0.578431129,1568,462.115833
DoubleRatchet,50,1024,1.122999878,2.074792108,50,0.578431129,1568,451.836709
DoubleRatchet,50,1024,1.103415911,1.962792128,47.75,0.578431129,1568,484.39525
DoubleRatchet,50,1024,1.097206026,1.962746901,49.9,0.578431129,1568,455.275875
DoubleRatchet,50,1024,1.121336187,2.063583932,49.95,0.578431129,1568,451.633167
DoubleRatchet,50,1024,1.124875096,2.065751061,50,0.578431129,1568,459.913125
DoubleRatchet,50,1024,1.100337831,1.996961888,50,0.578431129,1568,453.062125
DoubleRatchet,50,10240,4.637623962,5.602502089,50,0.612931252,1568,466.4335
DoubleRatchet,50,10240,4.670331255,5.611087836,50,0.612931252,1568,468.918958
DoubleRatchet,50,10240,4.616252147,5.565539992,50,0.612931252,1568,462.537459
DoubleRatchet,50,10240,4.60629107,5.604753154,50,0.612931252,1568,473.735166
DoubleRatchet,50,10240,4.603627138,5.490541109,49.95,0.612931252,1568,473.096041
DoubleRatchet,50,10240,4.662829801,5.553416093,49.95,0.612931252,1568,465.433083
DoubleRatchet,50,10240,4.674417898,5.596670264,49.85,0.612931252,1568,468.828083
DoubleRatchet,50,10240,4.697294789,5.697959918,50,0.697014809,1568,494.9843331
DoubleRatchet,50,10240,4.630504118,5.607292056,47.75,0.612984657,1568,502.399084
DoubleRatchet,50,10240,4.699917918,5.644375749,49.8,0.612984657,1568,463.311917
DoubleRatchet,100,128,1.228003006,3.122208815,49.9,2.621751785,3168,1716.587584
DoubleRatchet,100,128,1.241913822,3.373591055,50,2.621751785,3168,1690.534584
DoubleRatchet,100,128,1.313168148,3.263955587,48.25,2.621751785,3168,1808.285291
DoubleRatchet,100,128,1.248215151,3.127005824,49.4,2.621751785,3168,1747.45125
DoubleRatchet,100,128,1.363330521,3.61045188,50,2.635766983,3168,1730.476708
DoubleRatchet,100,128,1.266001665,3.279622237,50,2.621751785,3168,1698.730666
DoubleRatchet,100,128,1.241206017,3.222713247,50,2.621751785,3168,1682.86425
DoubleRatchet,100,128,1.250207948,3.284662962,50,2.621751785,3168,1708.015375
DoubleRatchet,100,128,1.267705986,3.388543264,50,2.621751785,3168,1699.624625
DoubleRatchet,100,128,1.276501105,3.448755946,50,2.621751785,3168,1707.744084
DoubleRatchet,100,1024,2.398503246,4.467247345,50,2.63833046,3168,1776.899417
DoubleRatchet,100,1024,2.247043245,4.154870985,49.15,2.624315262,3168,1733.488209
DoubleRatchet,100,1024,2.312837692,4.219997034,50,2.624315262,3168,1705.262541
DoubleRatchet,100,1024,2.34721892,4.440837132,50,2.624315262,3168,1709.814667
DoubleRatchet,100,1024,2.262964495,4.046831746,50,2.624315262,3168,1711.037792
DoubleRatchet,100,1024,2.383005165,4.563876777,49.9,2.63833046,3168,1767.357542
DoubleRatchet,100,1024,2.292086894,4.431036126,50,2.624315262,3168,1675.489916
DoubleRatchet,100,1024,2.351004165,4.236287146,49.9,2.624315262,3168,1716.066958
DoubleRatchet,100,1024,2.298792824,4.496122827,49.95,2.624315262,3168,1721.096875
DoubleRatchet,100,1024,2.457375056,4.372164083,49.9,2.624315262,3168,1713.789166
DoubleRatchet,100,10240,9.453498875,11.42954919,50,2.672830582,3168,1758.77525
DoubleRatchet,100,10240,9.324001963,11.50687289,49.4,2.658815384,3168,1741.06275
DoubleRatchet,100,10240,9.517498314,11.76167105,50,2.658815384,3168,1733.596666
DoubleRatchet,100,10240,9.379249241,11.25982811,50,2.658815384,3168,1710.681625
DoubleRatchet,100,10240,9.353753587,11.37100824,50,2.658815384,3168,1715.629833
DoubleRatchet,100,10240,9.333338996,11.24529028,50,2.658815384,3168,1709.468042
DoubleRatchet,100,10240,9.599453013,11.53220708,50,2.705675125,3168,1794.867375
DoubleRatchet,100,10240,9.584752261,11.79537916,50,2.658815384,3168,1724.393541
DoubleRatchet,100,10240,9.571131959,11.82341622,49.95,2.658815384,3168,1737.494167
DoubleRatchet,100,10240,9.570003138,11.76154171,49.9,2.658815384,3168,1730.983084
DoubleRatchet,1000,128,13.3151022,33.36130665,49.8,285.7601213,31968,169578.0028
DoubleRatchet,1000,128,13.3151022,33.36130665,49.8,285.7601213,31968,169578.0028
DoubleRatchet,1000,128,13.3151022,33.36130665,49.8,285.7601213,31968,169578.0028
DoubleRatchet,1000,128,13.3151022,33.36130665,49.8,285.7601213,31968,169578.0028
DoubleRatchet,1000,128,13.3151022,33.36130665,49.8,285.7601213,31968,169578.0028
DoubleRatchet,1000,128,13.3151022,33.36130665,49.8,285.7601213,31968,169578.0028
DoubleRatchet,1000,128,13.3151022,33.36130665,49.8,285.7601213,31968,169578.0028
DoubleRatchet,1000,128,13.3151022,33.36130665,49.8,285.7601213,31968,169578.0028
DoubleRatchet,1000,128,13.3151022,33.36130665,49.8,285.7601213,31968,169578.0028
DoubleRatchet,1000,128,13.3151022,33.36130665,49.8,285.7601213,31968,169578.0028
DoubleRatchet,1000,1024,23.93998054,47.24900261,49.85,285.3714066,31968,170195.0838
DoubleRatchet,1000,1024,23.93998054,47.24900261,49.85,285.3714066,31968,170195.0838
DoubleRatchet,1000,1024,23.93998054,47.24900261,49.85,285.3714066,31968,170195.0838
DoubleRatchet,1000,1024,23.93998054,47.24900261,49.85,285.3714066,31968,170195.0838
DoubleRatchet,1000,1024,23.93998054,47.24900261,49.85,285.3714066,31968,170195.0838
DoubleRatchet,1000,1024,23.93998054,47.24900261,49.85,285.3714066,31968,170195.0838
DoubleRatchet,1000,1024,23.93998054,47.24900261,49.85,285.3714066,31968,170195.0838
DoubleRatchet,1000,1024,23.93998054,47.24900261,49.85,285.3714066,31968,170195.0838
DoubleRatchet,1000,1024,23.93998054,47.24900261,49.85,285.3714066,31968,170195.0838
DoubleRatchet,1000,1024,23.93998054,47.24900261,49.85,285.3714066,31968,170195.0838
DoubleRatchet,1000,10240,96.9564594,116.706368,49.8,285.405899,31968,170324.1569
DoubleRatchet,1000,10240,96.9564594,116.706368,49.8,285.405899,31968,170324.1569
DoubleRatchet,1000,10240,96.9564594,116.706368,49.8,285.405899,31968,170324.1569
DoubleRatchet,1000,10240,96.9564594,116.706368,49.8,285.405899,31968,170324.1569
DoubleRatchet,1000,10240,96.9564594,116.706368,49.8,285.405899,31968,170324.1569
DoubleRatchet,1000,10240,96.9564594,116.706368,49.8,285.405899,31968,170324.1569
DoubleRatchet,1000,10240,96.9564594,116.706368,49.8,285.405899,31968,170324.1569
DoubleRatchet,1000,10240,96.9564594,116.706368,49.8,285.405899,31968,170324.1569
DoubleRatchet,1000,10240,96.9564594,116.706368,49.8,285.405899,31968,170324.1569
DoubleRatchet,1000,10240,96.9564594,116.706368,49.8,285.405899,31968,170324.1569
DoubleRatchet,10000,128,133.151,333.613,49.8,285.76,319680,1695780
DoubleRatchet,10000,128,133.151,333.613,49.8,285.76,319680,1695780
DoubleRatchet,10000,128,133.151,333.613,49.8,285.76,319680,1695780
DoubleRatchet,10000,128,133.151,333.613,49.8,285.76,319680,1695780
DoubleRatchet,10000,128,133.151,333.613,49.8,285.76,319680,1695780
DoubleRatchet,10000,128,133.151,333.613,49.8,285.76,319680,1695780
DoubleRatchet,10000,128,133.151,333.613,49.8,285.76,319680,1695780
DoubleRatchet,10000,128,133.151,333.613,49.8,285.76,319680,1695780
DoubleRatchet,10000,128,133.151,333.613,49.8,285.76,319680,1695780
DoubleRatchet,10000,128,133.151,333.613,49.8,285.76,319680,1695780
DoubleRatchet,10000,1024,239.4,472.5,49.85,285.37,319680,1701950
DoubleRatchet,10000,1024,239.4,472.5,49.85,285.37,319680,1701950
DoubleRatchet,10000,1024,239.4,472.5,49.85,285.37,319680,1701950
DoubleRatchet,10000,1024,239.4,472.5,49.85,285.37,319680,1701950
DoubleRatchet,10000,1024,239.4,472.5,49.85,285.37,319680,1701950
DoubleRatchet,10000,1024,239.4,472.5,49.85,285.37,319680,1701950
DoubleRatchet,10000,1024,239.4,472.5,49.85,285.37,319680,1701950
DoubleRatchet,10000,1024,239.4,472.5,49.85,285.37,319680,1701950
DoubleRatchet,10000,1024,239.4,472.5,49.85,285.37,319680,1701950
DoubleRatchet,10000,1024,239.4,472.5,49.85,285.37,319680,1701950
DoubleRatchet,10000,10240,969.565,1167.064,49.8,285.41,319680,1703242
DoubleRatchet,10000,10240,969.565,1167.064,49.8,285.41,319680,1703242
DoubleRatchet,10000,10240,969.565,1167.064,49.8,285.41,319680,1703242
DoubleRatchet,10000,10240,969.565,1167.064,49.8,285.41,319680,1703242
DoubleRatchet,10000,10240,969.565,1167.064,49.8,285.41,319680,1703242
DoubleRatchet,10000,10240,969.565,1167.064,49.8,285.41,319680,1703242
DoubleRatchet,10000,10240,969.565,1167.064,49.8,285.41,319680,1703242
DoubleRatchet,10000,10240,969.565,1167.064,49.8,285.41,319680,1703242
DoubleRatchet,10000,10240,969.565,1167.064,49.8,285.41,319680,1703242
DoubleRatchet,10000,10240,969.565,1167.064,49.8,285.41,319680,1703242
